Product Name,Price,Rating,Seller Name
N/A,N/A,N/A,N/A
N/A,N/A,N/A,N/A
N/A,N/A,N/A,N/A
N/A,N/A,N/A,N/A
N/A,N/A,N/A,N/A
"Portronics Luxcell Mini 10K Advanced 10000 mAh Nano Power Bank with 22.5W Max Output, LED Indicator, Mach USB-A Output, Type C PD Output, Type C Input, Wake Up Button(Black)","1,048.",4.1 out of 5 stars,Visit the Portronics Store
N/A,N/A,N/A,N/A
N/A,N/A,N/A,N/A
Lapcare Trust-1 Wireless 10000 mAh Fast Charging PD Power Bank | Strong Magnetic Hold | Magsafe Compatible for iPhone 12 & Above | 15w Wireless & 20w with Type-C Fast Charging | LED Indicator,"1,299.",4.3 out of 5 stars,Visit the Lapcare Store
N/A,N/A,N/A,N/A
N/A,N/A,N/A,N/A
"Portronics Luxcell Mini 20K Advanced 20000 mAh Smallest Power Bank with 22.5W Max Output, LED Indicator, Mach USB-A Output, Type C PD Output, Type C Input, Wake Up Button(Black)","1,449.",4.2 out of 5 stars,Visit the Portronics Store
N/A,N/A,N/A,N/A
GadgetBite Silicon Soft Cover Case for Mi Power Bank 3i 20000 mAh Battery [Power Bank NOT Included]-Black,259.,4.5 out of 5 stars,Visit the GadgetBite Store
N/A,N/A,N/A,N/A
N/A,N/A,N/A,N/A
N/A,N/A,N/A,N/A
N/A,N/A,N/A,N/A
"Kratos PowerBank 10000 mAh 22.5W Fast Charging, 3 Output - 2 USB & 1 Type C Output,Power Delivery, BIS Certified, Made in India, Power Bank Compatible for Smartphons, Tablets and Other Gadgets",699.,5.0 out of 5 stars,Visit the Kratos Store
N/A,N/A,N/A,N/A
"Ambrane 20000mAh Powerbank, 22.5W Fast Charging, Triple Output (2 USB & 1 Type C), Power Delivery, Quick Charge for iPhone, Android & Other Devices, Made in India + Type C Cable (Stylo 20, Blue)","1,498.",3.3 out of 5 stars,Visit the Ambrane Store
N/A,N/A,N/A,N/A
N/A,N/A,N/A,N/A
N/A,N/A,N/A,N/A
N/A,N/A,N/A,N/A
"FLiX(Beetel) UltraCharge 20,000mAh QCPD Power Bank,USB C/B Input,Tripple Output 22.5W High-Speed Power Delivery,Compatible to iPhone 14 13 12 11 Samsung S22 S23 Google Pixel7 Oneplus (P25-Blue)",799.,3.3 out of 5 stars,Visit the FLiX Store
N/A,N/A,N/A,N/A
"Portronics Luxcell B 10K 10000 mAh 22.5W Fast Charging Power Bank, Ultra Slim Power Bank with Mach USB-A Output, Type C PD Output, Type C Input, Wake Up Button(Dark Grey)",789.,3.9 out of 5 stars,Visit the Portronics Store
URBN 10000 mAh Stand Magsafe Power Bank with Foldable Stand | 15W Fast Wireless Charging | Strong Magnetic Hold | Type C Input/Output | Pass Through Charging | MagTag Ring Included | (Pink),"1,399.",4.3 out of 5 stars,Visit the URBN Store
"Ambrane 10000mAh MagSafe Wireless Fast Charging Power Bank, Compact, 20W PD Output, Portable Charger for iPhone 16 15 14 13 12 & Android, Metallic Body, Travel-Friendly (Aerosync PB Prime, Titanium)","1,899.",3.8 out of 5 stars,Visit the Ambrane Store
N/A,N/A,N/A,N/A
N/A,N/A,N/A,N/A
N/A,N/A,N/A,N/A
"Ambrane 4 in 1 Wireless Charging 10000mAh Power Bank 15W Fast Charging, USB & Type C Output, Power Delivery, Quick Charge for iPhone, Android & Other Devices (Aerosync Quad, Black)","1,499.",3.0 out of 5 stars,Visit the Ambrane Store
N/A,N/A,N/A,N/A
"Spigen ArcPack 10000mAh Power Bank with Built-in USB-C Cable,30.0W Fast Charging, 1 USB-C Cable, 1 USB-C Port, 1 USB-A Port - (ABS + PC | Black)","2,659.",4.2 out of 5 stars,Visit the Spigen Store
N/A,N/A,N/A,N/A
"Ambrane 10000mAh Slim & Compact Powerbank, 22.5W Fast Charging, USB & Type C Output, Power Delivery, Quick Charge for iPhone, Android & Other Devices, Made in India + Type C Cable (Stylo 10, Green)",898.,3.6 out of 5 stars,Visit the Ambrane Store
N/A,N/A,N/A,N/A
N/A,N/A,N/A,N/A
"Ambrane 10000mAh Slim & Compact Powerbank, 22.5W Fast Charging, USB & Type C Output, Power Delivery, Quick Charge for iPhone, Android & Other Devices, Made in India + Type C Cable (Stylo 10, Blue)",899.,3.3 out of 5 stars,Visit the Ambrane Store
"Portronics Boosty 5k 5000mAh 15W Wireless Magnetic Fast Charging Nano Powerbank, Metallic Finish, 20W Type C PD Output, Light Weight, Compatible with iPhone 12 Above, Other Qi Enabled Devices","1,999.",3.3 out of 5 stars,Visit the Portronics Store
"boAt Energyshroom PB300 Powerbank with 10000mAh Battery, 22.5w Fast Charging, 12-Layer Smart IC Protection, LED Indicators and Aluminum Alloy Casing(Burgundy)","1,198.",4.0 out of 5 stars,Visit the boAt Store
N/A,N/A,N/A,N/A
N/A,N/A,N/A,N/A
N/A,N/A,N/A,N/A
N/A,N/A,N/A,N/A
Amazon Basics 20000 mAh Power Bank | Fast Charging | Dual Output USB-A Ports | Dual Input (Black),919.,3.5 out of 5 stars,Visit the amazon basics Store
N/A,N/A,N/A,N/A
"FLiX(Beetel) UltraCharge 20,000mAh QCPD Power Bank,USB C/B Input,Tripple output 22.5W High-Speed Power Delivery,Compatible to iPhone 14 13 12 11 Samsung S22 S23 Google Pixel7 Oneplus(P25- Olive Green)",990.,3.4 out of 5 stars,Visit the FLiX Store
N/A,N/A,N/A,N/A
"boAt Energyshroom PB300 Powerbank with 10000mAh Battery, 22.5w Fast Charging, Wireless Charging, 12-Layer Smart IC Protection, LED Indicators and Aluminum Alloy Casing(Steel Blue)","1,199.",4.0 out of 5 stars,Visit the boAt Store
N/A,N/A,N/A,N/A
N/A,N/A,N/A,N/A
"Ambrane 20000mAh Powerbank, 22.5W Fast Charging, Triple Output (2 USB & 1 Type C), Power Delivery, Quick Charge for iPhone, Android & Other Devices, Made in India + Type C Cable (Stylo 20, Green)","1,499.",3.6 out of 5 stars,Visit the Ambrane Store
N/A,N/A,N/A,N/A
N/A,N/A,N/A,N/A
"Portronics Luxcell Mini 10K Advanced 10000 mAh Nano Power Bank with 22.5W Max Output, LED Indicator, Mach USB-A Output, Type C PD Output, Type C Input, Wake Up Button(Green)","1,048.",4.1 out of 5 stars,Visit the Portronics Store
"ZEBRONICS Mb10000S11 Power Bank, 10000 Mah, Rapid Charge, 20W Output, Dual USB Output, Pd 3.0 Type C, Built in Protections, Tablets Led Indicator, Made in India (Black)",599.,3.4 out of 5 stars,Visit the ZEBRONICS Store
"HEYMIX TECH Power Bank 20000mah Fast Charging - 22.5W Powerbank Portable Charger, USB C Fast Charging Battery Pack Compatible with iPhone 15/14/13, Samsung S24, S23, iPad, Pixel","1,499.",4.1 out of 5 stars,Brand: HEYMIX TECH
"Stuffcool Mega II Compact 10,000mAh 30W PD, 33W PPS Powerbank with Samsung Super Fast Charging, Charges iPhones & Pixels 50% in 30 Mins, Universal Fast Charging for Oppo, OnePlus, Realme - Green","1,398.",3.9 out of 5 stars,Visit the Stuffcool Store
N/A,N/A,N/A,N/A
"Anker MagGo Power Bank, Qi2 Certified 15W Ultra-Fast MagSafe-Compatible Portable Charger, 10,000mAh Battery Pack with Smart Display and Foldable Stand, For iPhone 15/14/13/12 Only(USB-C Cable Include)","7,499.",4.4 out of 5 stars,Visit the Anker Store
N/A,N/A,N/A,N/A
N/A,N/A,N/A,N/A
N/A,N/A,N/A,N/A
N/A,N/A,N/A,N/A
N/A,N/A,N/A,N/A
N/A,N/A,N/A,N/A
N/A,N/A,N/A,N/A
N/A,N/A,N/A,N/A
"DR VAKU® 10000mAh Magnetic Wireless Power Bank for iPhone 16/15/14/13/12 Series, iWatch & Airpods 20w PD 15w Wireless Charging (Input & Output) Lithium Polymer Battery- Black","2,999.",4.3 out of 5 stars,Visit the DR VAKU Store
N/A,N/A,N/A,N/A
"Spigen ArcPack 20000mAh Power Bank | PD 3.0, PPS Fast Carging | 30W Max Output | 2 Type-C Ports, 1 USB-A Port - (ABS + PC | Black)","2,609.",4.1 out of 5 stars,Visit the Spigen Store
N/A,N/A,N/A,N/A
"Anker Power Bank Battery Pack, 20,000mAh 22.5W High Speed Charging Portable Charger with Built-in USB C Cable, 1 USB-C, 1 USB-A, for iPhone 15/15 Plus/15 Pro/15 Pro Max, MacBook, Galaxy","4,699.",4.4 out of 5 stars,Visit the Anker Store
N/A,N/A,N/A,N/A
URBN 20000 mAh Li-Polymer Ultra Compact Power Bank | 12W Fast Charge | Dual USB Output | Type C & Micro Input Only | Pocket Size | Made in India (Blue),"1,598.",3.7 out of 5 stars,Visit the URBN Store
"ZEBRONICS MB10000S13 Power Bank, 10000 mAh, Rapid Charge, 22.5W Output, Dual USB Output, PD 3.0 Type C, Built in Protections, Percentage Indicator, Made in India (Black)",799.,3.9 out of 5 stars,Visit the ZEBRONICS Store
"Portronics Luxcell B12 10,000mAh 12W Power Bank, Ultra Slim Power Bank with USB-A Output Port & Dual Input Ports (Micro & Type C) | BIS Certified |Type C Cable Included|Made in India(Dark Blue)",618.,3.6 out of 5 stars,Visit the Portronics Store
N/A,N/A,N/A,N/A
"Callmate 30000mAh High Capacity Power Bank, 15W Fast Charging | Digital Display | 2 USB Output Ports and 2 Input | LED Torch| Multi-Layer Protection for iPhone & Smartphones (Black, Lithium Polymer)","1,499.",3.3 out of 5 stars,Visit the CALL MATE Store
N/A,N/A,N/A,N/A
N/A,N/A,N/A,N/A
N/A,N/A,N/A,N/A
N/A,N/A,N/A,N/A
"Ambrane 5000mAh Mini MagSafe Wireless Power Bank | 15W Fast Charging | Strong Magnetic Hold | Ultra-Slim | 20W Wired Charging | Compatible with iPhone 15, 14, 13, 12 Series (Aerosync PB5, Green)","1,499.",3.2 out of 5 stars,Visit the Ambrane Store
N/A,N/A,N/A,N/A
"Loony 10000mAh Magnetic Wireless Power Bank (2in1 Charge with USB-C Cable + Wireless) with Step Stand for Smartphones (iPhone,Samsung)/ Earphones (Airpod), iOS/Android Devices-(White)",999.,3.2 out of 5 stars,Visit the Loony Store
LAPCARE Tanker 30000mAh Powerbank I Metallic Body | 4X USB & 22.5w QC PD3.0 Type-c Fast Charging with Dual Attached Cable for iPhone and Android Devices | Multi Layer Protection | Made in India,"2,299.",3.5 out of 5 stars,Visit the Lapcare Store
"DR VAKU® 10000mAh Power Bank Clear Bolt Portable 20W PD QC Fast Charging Dual USB Port (Input & Output) Lithium Polymer Battery Power Bank for iPhone,Samsung & Android Devices with SOS Led Light Torch","1,399.",4.1 out of 5 stars,Visit the DR VAKU Store
N/A,N/A,N/A,N/A
N/A,N/A,N/A,N/A
"ZEBRONICS 20000 mAh Power Bank, 35W Fast Charging PD3.0, Output (2 Type C & 1 USB), for iPhone, Android, Tablets & Other Devices, Slim Metal Body, Flight Friendly, Type C Cable (EnergiPOD 20R1, Blue)","1,799.",4.4 out of 5 stars,Visit the ZEBRONICS Store
N/A,N/A,N/A,N/A
"Lifelong Boost 10000 mAh Fast 33 W Cable Included Compact Size Power Bank with 2 Input/Output Port (Lithium Polymer, Fast Charging, Quick Charge 3.0 for Mobile, Earbuds, Smartwatch, Speaker, Tablet)","1,499.",4.0 out of 5 stars,Visit the Lifelong Store
N/A,N/A,N/A,N/A
"Belkin 20000mAh Power Bank Fast Charging, USB-C Power Delivery Portable Charger with 30W USB-C and 12W USB-A Ports, 20K Travel Battery Pack for MacBook, iPad, iPhone, Galaxy, Pixel and More – Black","5,999.",4.4 out of 5 stars,Visit the Belkin Store
N/A,N/A,N/A,N/A
N/A,N/A,N/A,N/A
N/A,N/A,N/A,N/A
N/A,N/A,N/A,N/A
"Anker 633 Magnetic Wireless Power Bank 10000mAh with Stand, 20W USB-C Power Delivery, Magsafe compatible for iPhone 12/13/14/15/15 Plus/15Pro/15Pro Max,and Android Smartphones with Magsafe cases-White","7,499.",4.4 out of 5 stars,Visit the Anker Store
N/A,N/A,N/A,N/A
N/A,N/A,N/A,N/A
N/A,N/A,N/A,N/A
N/A,N/A,N/A,N/A
N/A,N/A,N/A,N/A
N/A,N/A,N/A,N/A
N/A,N/A,N/A,N/A
N/A,N/A,N/A,N/A
N/A,N/A,N/A,N/A
N/A,N/A,N/A,N/A
N/A,N/A,N/A,N/A
N/A,N/A,N/A,N/A
N/A,N/A,N/A,N/A
N/A,N/A,N/A,N/A
N/A,N/A,N/A,N/A
"Stuffcool Ally 10000mAh Compact powerbank with Fast Wired Charging for iPhone, Built in Watch Charger, Lightning to Type C Cable Included, Charges iPhone 50% in 30 mins","1,999.",3.6 out of 5 stars,Visit the Stuffcool Store
N/A,N/A,N/A,N/A
"CALLMATE EXPLORER 18W Wireless Fast Charging 10000mAh Power bank & Charger with Mobile Stand, USB & Type C PD Output with Built in Cable (Light-ning & Type C), AC & Type C Input(Lithium Polymer,Black)","2,299.",3.9 out of 5 stars,Brand: Callmate
"EVM 25W EnNano Pro 10 Power Bank 10000mAh - Dual Output (Type-C & USB), Portable, Pocket-Friendly, 2 Years Warranty (EVM-P0407-Black)","1,199.",4.0 out of 5 stars,Visit the EVM Store
N/A,N/A,N/A,N/A
N/A,N/A,N/A,N/A
N/A,N/A,N/A,N/A
N/A,N/A,N/A,N/A
N/A,N/A,N/A,N/A
"Belkin 2500 mAh Magnetic MagSafe Wireless Power Bank, Sleek Design for iPhone 15, 14, 13 and 12 Series, Compatible with MagSafe Covers – White","1,999.",3.1 out of 5 stars,Visit the Belkin Store
N/A,N/A,N/A,N/A
N/A,N/A,N/A,N/A
"ZEBRONICS 27000 mAh Power Bank, 65W Fast Charging, Outputs (2 Type C & 1 USB) PD3.0, For iPhone, Android, Laptop, Tablets, Earbuds, Flight Friendly, Metallic Body + Type C Cable (EnergiPOD 27R2,Black)","2,966.",4.2 out of 5 stars,Visit the ZEBRONICS Store
N/A,N/A,N/A,N/A
"ERH India 18650 Charger Board Lithium Battery Charging Module Dual USB 5V 2.4A Mini Type-C Module with Data Cable for Automotive Systems, Smartphone’s and Tablets, Multiple Applications etc.",469.,1.0 out of 5 stars,Brand: ESPtronics
N/A,N/A,N/A,N/A
N/A,N/A,N/A,N/A
"Spigen ArcPack 10000mAh Power Bank | PD 3.0 Fast Carging | 22.5W Max Output | 2 Type-C Ports,1 USB-A Port - (ABS + PC | Navy Blue)","1,529.",4.3 out of 5 stars,Visit the Spigen Store
N/A,N/A,N/A,N/A
"ZEBRONICS MW60 Power Bank, 10000 mAh, Rapid Charge, 20W Output, Outputs - Dual USB | Dual Type C | Lightning, Type C PD, LED Indicator, Built in I/O Cables, Made in India (White)",999.,3.3 out of 5 stars,Visit the ZEBRONICS Store
CALANDIS® Universal 4X Aa Battery USB Travel Emergency Charger for Phones Mp3 Black,763.,3.0 out of 5 stars,Visit the CALANDIS Store
102B Powerbank | 10000mAh | 22.5W Fast Charging | QC + PD | Dual Input Port : Type C & Micro USB | Triple Output Port : 2X USB & Type C | LED Indicator| for All iPhone & Android (Black),790.,Previous page,Brand: Generic
N/A,N/A,N/A,N/A
"Spigen 5in1 10000mAh Wireless Power Bank with USB-A Dual Charging Dock for Airpods and Smartwatches, Lithium Polymer - Black","3,175.",3.6 out of 5 stars,Visit the Spigen Store
"UNIGEN® Unipower 300 Mag-Safe Power Bank [Made in India] 10000mAh 15W Wireless/22W Wired Fast Charging, USB Type C Compatible with iPhone 15/14/13/12/Pro/Pro Max-Black","1,999.",3.9 out of 5 stars,Visit the UNIGEN Store
"iBELL REVIVE100 Power Bank 10000mah, Super Fast Charging 22.5W, 2 Year Warranty, Lightweight, 2 USB Port / 1 C-Type / 1 Micro USB (Black)",798.,4.4 out of 5 stars,Visit the IBELL Store
N/A,N/A,N/A,N/A
N/A,N/A,N/A,N/A
N/A,N/A,N/A,N/A
N/A,N/A,N/A,N/A
N/A,N/A,N/A,N/A
N/A,N/A,N/A,N/A
Robodo BE0169 Dual USB 5V 1A 2.1A Mobile Power Bank Battery Charger,295.,2.9 out of 5 stars,Visit the Robodo Store
"EVM EnMag Pro 10000mAh Mag-Safe Powerbank - Fast Charging with Magnetic Foldable Stand Compatible with iOS and Qi Devices Type-C Input/Output, 15W Wireless Output - 2 Years Warranty (EVM-P0308-White)","2,199.",3.6 out of 5 stars,Visit the EVM Store
"Callmate 20000mAh Power Bank, 15W Fast Charging| Buit-in Cables | 4 Output Ports and 3 Input | for iPhone, Smartphones & Other Devices (15 W, Fast Charging) (Red, Lithium Polymer)",999.,3.3 out of 5 stars,Visit the CALL MATE Store
"Promate 160W Laptop & Mobile Power Bank (27600mAh) | Smart TFT LCD Screen, USB-A QC 3.0, Dual Type-C Input/Output Ports, Over-Heating Protection | Power Bank for Laptop, iPhone and Android, Titan-160","10,999.",3.8 out of 5 stars,Visit the Promate Store
N/A,N/A,N/A,N/A
N/A,N/A,N/A,N/A
N/A,N/A,N/A,N/A
"CALLMATE Power Bank 10000mAh Li-Polymer with 2.4 Fast Charging with 1 USB Port and 2 Input (Micro, Type C),Semi Digital Battery Indicator, in-Built 3 in 1 Detachable Cable (Pink)",699.,3.2 out of 5 stars,Visit the CALL MATE Store
N/A,N/A,N/A,N/A
N/A,N/A,N/A,N/A
URBN 10000 mAh Nano Power Bank Juice Box Edition with EV-Batteries | 20W Fast Charging | Smallest Power Bank | Type C PD (Input& Output) | Made in India | Dual Output | (Triple Melon),"1,499.",4.2 out of 5 stars,Visit the URBN Store
N/A,N/A,N/A,N/A
INVENTO 1pcs 5V 1A 1.5A 2A 3 Micro USB Step-Up Power Bank Module Lithium ion Battery Charging Board Boost Converter Usb For DIY Power Bank circuit Charger,350.,2.6 out of 5 stars,Brand: INVENTO
N/A,N/A,N/A,N/A
"LAPCARE Orange I 10000 mAh 22.5W Fast Charging Power Bank with Digital Display, Dual Output(Type C PD + 2 USB), Type C Input, Wake Up Button & Smart Chip(Black)","1,049.",4.2 out of 5 stars,Visit the Lapcare Store
"Belkin Tempered Glass Screen Protector Guard for iPhone 16, 15-2 Pack Smartphone",999.,3.7 out of 5 stars,Visit the Belkin Store
N/A,N/A,N/A,N/A
DigiConnect 1 X 18650 Dual USB Power Bank External Backup Battery Charger Box Case for Phone - 2600 mAh,390.,3.3 out of 5 stars,Brand: Generic
N/A,N/A,N/A,N/A
N/A,N/A,N/A,N/A
E GATE 204B Powerbank | 20000mAh | 22.5W Fast Charging | QC + PD | Dual Input Port : Type C & Micro USB | Triple Output Port : 2X USB & Type C | LED Indicator| for All iPhone & Android (Black),"1,190.",3.8 out of 5 stars,Visit the E GATE Store
"Home Brilliant Electronics Accessories Organizer Travel Gadget Bag Pouch Carrying Bag for Cable, Charger, Phone, USB, SD Card, Power Bank",499.,Previous page,Brand: HomeBrilliant
N/A,N/A,N/A,N/A
URBN 5000 mAh Premium Magsafe Power Bank | 15W Fast Wireless Charging |Strong Magnetic Hold | Type C Input/Output | Pass Through Charging | MagTag Ring Included | (Purple),"1,499.",3.5 out of 5 stars,Visit the URBN Store
N/A,N/A,N/A,N/A
N/A,N/A,N/A,N/A
N/A,N/A,N/A,N/A
N/A,N/A,N/A,N/A
N/A,N/A,N/A,N/A
N/A,N/A,N/A,N/A
"Spigen 20,000mAh, 30W Fast Charging Durable Alloy Power Bank with PD3.0 20W for 2 USB-C Ports, QC3.0 22.5W for USB-A Port - Dark Silver","2,609.",4.6 out of 5 stars,Visit the Spigen Store
N/A,N/A,N/A,N/A
N/A,N/A,N/A,N/A
"Belkin 20000 MAH Lightweight Slimmest Power Bank with 1 Type C PD and 2 USB A Port, Fast Charging Portable Charger to Charge 3 Devices, iPhones 16, 15, 14, 13, 12 Series, Android Phones & More - Grey","2,699.",4.3 out of 5 stars,Visit the Belkin Store
"Uninterrupted Power, Anytime, Anywhere. High-Capacity Fast-Charging Power Bank",799.,Previous page,Brand: Generic
"Lapcare Blaze-I 10000mAh Slim 22.5w PD Power Bank | Digital Display | Metal Finish | Dual USB + Type-C,Micro USB Input Port Quick Charge for iPhone, Android & Other Devices, Made in India, Grey",839.,3.8 out of 5 stars,Visit the Lapcare Store
Electronic Spices T6845-C Power Bank Charging Circuit Module Pack of 1pcs,129.,3.2 out of 5 stars,Visit the Electronic Spices Store
N/A,N/A,N/A,N/A
"URBN Power Bank 10,000mAh - Ultra Slim, 22.5W Two Way Fast Charging, Triple Output, Dual Type C PD, 12 Layers Circuit Protection, BIS Certified, 6 Months Warranty Free Type C Cable - Bright Blue","1,199.",3.8 out of 5 stars,Visit the URBN Store
N/A,N/A,N/A,N/A
N/A,N/A,N/A,N/A
N/A,N/A,N/A,N/A
N/A,N/A,N/A,N/A
N/A,N/A,N/A,N/A
"Amazon Basics 10000 mAh Lithium Polymer Mini Power Bank with 22.5W Fast Charging, Dual Output, Charging Indicator, Type-C Cable Included, Black",959.,3.2 out of 5 stars,Visit the amazon basics Store
Oboe Silicon Soft Cover Case Compatible with Mi Power Bank 3i 20000 mAh Battery (Blue) [Power Bank NOT Included],349.,4.0 out of 5 stars,Visit the OBOE Store
N/A,N/A,N/A,N/A
N/A,N/A,N/A,N/A
N/A,N/A,N/A,N/A
"MLTC LED 3W Torch Light Rechargeable Torch Flashlight,Long Distance Beam Range Car Rescue Torch with Hammer Window Glass and Seat Belt Cutter Built in Mobile USB Fast Charger Power Bank",299.,3.3 out of 5 stars,Visit the MLTC Store
"Belkin X Disney 100 Musical | Wireless Power Bank 5K w/MagSafe Compatible 7.5W Charging, Built-in Pop-up Kickstand - Compatible w/iPhone 16, 16 Plus, 16 Pro, 16 Pro Max, iPhone 15, AirPods, and More","4,999.",3.5 out of 5 stars,Visit the Belkin Store
"URBN 10,000mAh Ultra Link Power Bank - Blue with Designer Cable Type C to C","1,998.",4.2 out of 5 stars,Visit the URBN Store
N/A,N/A,N/A,N/A
N/A,N/A,N/A,N/A
N/A,N/A,N/A,N/A
N/A,N/A,N/A,N/A
N/A,N/A,N/A,N/A
"Portronics Power E 10K 10000 mAh,2.4A 12w Slim Power Bank with Dual USB Output Port for iPhone, Anrdoid & Other Devices.(Black)",798.,3.3 out of 5 stars,Visit the Portronics Store
OBOE Silicon Soft Cover Case for Redmi Power Bank 10000 mAh Battery (Black) [Power Bank NOT Included],349.,3.8 out of 5 stars,Visit the OBOE Store
N/A,N/A,N/A,N/A
N/A,N/A,N/A,N/A
N/A,N/A,N/A,N/A
N/A,N/A,N/A,N/A
N/A,N/A,N/A,N/A
N/A,N/A,N/A,N/A
ZAOMA Shock Proof Pouch Case Wallet Cover Protector Compatible for Boat 20000 mAh 22.5 W Power Bank EnergyShroom PB400 with Loop (PBPLOOP_DBRW006),499.,4.3 out of 5 stars,Brand: ZAOMA
N/A,N/A,N/A,N/A
N/A,N/A,N/A,N/A
N/A,N/A,N/A,N/A
N/A,N/A,N/A,N/A
N/A,N/A,N/A,N/A
N/A,N/A,N/A,N/A
N/A,N/A,N/A,N/A
N/A,N/A,N/A,N/A
N/A,N/A,N/A,N/A
N/A,N/A,N/A,N/A
N/A,N/A,N/A,N/A
N/A,N/A,N/A,N/A
ATORSE Universal Mini USB Traveler Battery Charger for Mobile Phone DC Batteries,753.,3.7 out of 5 stars,Visit the ATORSE Store
N/A,N/A,N/A,N/A
N/A,N/A,N/A,N/A
N/A,N/A,N/A,N/A
"Prakti TP5100 2 Cells 8.4V, Single Cell 4.2 V 2Amp Lithium Batt-ery Charger, 18650 Charging PCB 5-18V DC Power Supply Module",140.,5.0 out of 5 stars,Brand: PRAKTI ENTERPRISES
LOOM TREE Smart Battery Charger LCD Display W/Micro USB Type C USB for 1.2V Ni MH AA| Multipurpose Batteries & Power | Battery Chargers,"2,595.",Previous page,Visit the LOOM TREE Store
N/A,N/A,N/A,N/A
"Rensom ECommerce Emergency Charger, Keychain Phone Charger, Fast Finger 1500mah Charging, Key Ring Cell Phone Charger, Compatible with All Andrid Smart Phones for Travel(C-Type)",449.,Previous page,Brand: Rensom ECommerce
INVENTO 5pcs 5V Step-Up Power Module Lithium ion Battery Charging Board Boost Converter Usb For DIY Power Bank circuit Charger,450.,3.5 out of 5 stars,Brand: INVENTO
"Ambrane 10000mAh Rugged, Slim & Compact Powerbank, 22.5W Fast Charging with Lightning Cable","1,299.",Previous page,Visit the Ambrane Store
"tD True Desire 10000mAh Magsafe Compatible Wireless Power Bank for iPhone Series 15, 14, 13 & 12, 22.5W Wired with 15W Wireless Charging Type C Powerbank, Li-Polymer (White)","2,399.",3.5 out of 5 stars,Visit the True Desire Store
"DR VAKU® Power Bank 10000mAh Carbon Series Magnus with Type-C 20W Fast Power Delivery Charging, 3A Dual Port USB QC 3.0 and Micro USB Powerbank for iPhone, Samsung and Others - Black",999.,3.8 out of 5 stars,Visit the DR VAKU Store
N/A,N/A,N/A,N/A
N/A,N/A,N/A,N/A
N/A,N/A,N/A,N/A
N/A,N/A,N/A,N/A
"Solar Charging 10000mAh Power Bank, 15W Fast Charging |Solar Panel| Buit-in 4-in-1 Cables | 4 Output Ports and 3 Input | Digital Display |LED Torch|for Smartphones 15 W, Black, Lithium Polymer","1,853.",Previous page,Brand: Generic
N/A,N/A,N/A,N/A
N/A,N/A,N/A,N/A
N/A,N/A,N/A,N/A
MCDODO Mini Magnetic 15W Wireless Fast Charging Power Bank 5000mAh Blue,"2,093.",3.7 out of 5 stars,Visit the mcdodo Store
N/A,N/A,N/A,N/A
N/A,N/A,N/A,N/A
"CALLMATE Chargemaster 200 Fast Charing 20000mAh Power Bank, 23W (2X QC3.0 USB Output & Type C PD), Power Delivery, Quick Charge for iPhone, Android & Other Devices (Lithium Polymer) (White)","1,199.",3.6 out of 5 stars,Brand: Callmate
N/A,N/A,N/A,N/A
N/A,N/A,N/A,N/A
N/A,N/A,N/A,N/A
N/A,N/A,N/A,N/A
N/A,N/A,N/A,N/A
"IKALL IKPB20F Power Bank 20000mAh | Quick Charge 22.5W | Fast Charger Powerbank with Dual Outputs, Lightweight (Black)","1,475.",Previous page,Visit the IKALL Store
N/A,N/A,N/A,N/A
N/A,N/A,N/A,N/A
N/A,N/A,N/A,N/A
N/A,N/A,N/A,N/A
N/A,N/A,N/A,N/A
N/A,N/A,N/A,N/A
"AMYTEL 10000mAh Power Bank, 18W Fast Charging| Buit-in 4-in-1 Cables | 4 Output Ports and 3 Input | Digital Display |LED Torch|for iPhone, Smartphones (18 W, Fast Charging) (Black) (Red)",799.,5.0 out of 5 stars,Brand: AMYTEL
"Electrobot JX-887Y Dual USB 3.7v to 5V, 2A, 1A Power Bank DIY 18650 Li-Io & Li-Po Charger module",299.,2.7 out of 5 stars,Brand: Electrobot
OBOE Silicon Soft Cover Case for Redmi Power Bank 10000 mAh Battery (White) [Power Bank NOT Included],349.,3.8 out of 5 stars,Visit the OBOE Store
N/A,N/A,N/A,N/A
N/A,N/A,N/A,N/A
N/A,N/A,N/A,N/A
N/A,N/A,N/A,N/A
N/A,N/A,N/A,N/A
N/A,N/A,N/A,N/A
N/A,N/A,N/A,N/A
N/A,N/A,N/A,N/A
"ROMOSS 20000mAh Li-Polymer Power Bank,PD 18W fast charge Portable Charger,3 Outputs 3 Inputs, External Battery Packs with LCD Display ,for iPhone, iPad, Samsung and Other Devices(SW20PS+,White)","13,013.",4.2 out of 5 stars,Visit the Romoss Store
"wingfi 20000mAh Power Bank with 22.5W Fast Charging, Type-C Input/Output, Power Delivery 3.0, Quick Charge 3.0 (Black)","1,399.",Previous page,Brand: wingfi
N/A,N/A,N/A,N/A
N/A,N/A,N/A,N/A
Robomalls 5V Lithium Battery Charger Step Up Protection Board Boost Power Module Micro USB Li-Po Li-ion 18650 for Power Bank Diy,199.,5.0 out of 5 stars,Visit the ROBOMALLS Store
KC PRODUCTS Micro USB Cable - Power Bank Cable for All Android Data Cables Fast Charging Cable Short Mini Small Flat Upton 3.1a sync power bank Mobile Cable for Smartphones Laptop PC (Black/White),173.,3.0 out of 5 stars,Visit the KC PRODUCTS Store
N/A,N/A,N/A,N/A
Fire Beat AI 20000mAh Power Bank AI Powered Safety 22.5W Super Fast Charging for All iPhone & Android Models (Make in India) (Transparent Model 20000 Mah),"3,486.",4.2 out of 5 stars,Visit the Fire Beat Store
N/A,N/A,N/A,N/A
N/A,N/A,N/A,N/A
N/A,N/A,N/A,N/A
N/A,N/A,N/A,N/A
N/A,N/A,N/A,N/A
N/A,N/A,N/A,N/A
"OBOE Silicone Soft Cover for Mi Boost Pro Power Bank Battery (White, 30000 mAh)",399.,4.0 out of 5 stars,Visit the OBOE Store
Pinaaki Enterprises Redmi 9A Case | Premium Leather Finish | with Card Pockets | Wallet Stand |Complete Protection Cover for Redmi 9A - Camel and Black,169.,3.6 out of 5 stars,Brand: Pinaaki Enterprises
OBOE Silicon Soft Cover Case for Redmi Power Bank 10000 mAh Battery (Orange) [Power Bank NOT Included],349.,3.8 out of 5 stars,Visit the OBOE Store
"USB Hand Crank Phone Charger, Lightweight and Stylish Emergency Hand Crank Charger DC5.5V 600mA, Hiking Camping (Black)","1,848.",1.0 out of 5 stars,Brand: LOXE
N/A,N/A,N/A,N/A
"DR VAKU® 20000mAh Power Bank Magnum Series with Type-C 20W Fast Power Delivery Charging Triple USB Port Type C (Input & Output) Lithium Polymer Battery for iPhone, Samsung & Android Devices","1,499.",4.1 out of 5 stars,Visit the DR VAKU Store
Zaoma Flap Case Cover Pouch Compatible for URBN 10000 mAh Lithium_ion Premium Black Edition Nano Power Bank Model No.: UPR108 | 20W Fast Charging | Smallest Power Bank (UPR108_DUSBLK),399.,Previous page,Brand: ZAOMA
N/A,N/A,N/A,N/A
FLYTOP Solar Power Bank 20000Mah Lithium Battery | Solar Charging 5V/200mah Suitable for Charging Mobile Phone| Camera| Tablet etc,"3,209.",3.9 out of 5 stars,Brand: FLYTOP
N/A,N/A,N/A,N/A
"Unix 10000 Mah Lithium Polymer 10W Power Bank with Built in 4 in 1 USB Cables for Fast Charging, Quick Charging for all Android and IOS Smartphones, Multi-layer protection, No Need to Carry USB Cables","1,044.",3.3 out of 5 stars,Visit the Unix Store
N/A,N/A,N/A,N/A
N/A,N/A,N/A,N/A
N/A,N/A,N/A,N/A
N/A,N/A,N/A,N/A
N/A,N/A,N/A,N/A
"Portable Power Bank with Multi-Function Storage: Smartphone Charger & Battery Holder for Easy On-The-Go Charging, Organization, and Compact Convenience",649.,Previous page,Brand: TRIDEO
N/A,N/A,N/A,N/A
"Innostyle Magnetic Wireless Power Bank 10000mAh with Stand, 20W USB-C Power Delivery, Magsafe Compatible for iPhone 12/13/14/15/15 Plus/15Pro/15Pro Max,and Android Smartphones with Magsafe Cases-Blue","2,999.",3.6 out of 5 stars,Visit the Innostyle Store
N/A,N/A,N/A,N/A
N/A,N/A,N/A,N/A
N/A,N/A,N/A,N/A
N/A,N/A,N/A,N/A
N/A,N/A,N/A,N/A
Sheaffer Superbook 12000mAh Power Bank Organizer - Brown,"9,495.",Previous page,Visit the Sheaffer Store
N/A,N/A,N/A,N/A
"Neopack Bolt Pocket Size Power Bank 10000 mAH, Dual USB-C in/Out Ports 20W Fast Charging Portable Charger for All Smartphones, Tablets, iPhones, Samsung, Google, iPads, Lenovo & More (Black)","2,299.",Previous page,Visit the Neopack Store
N/A,N/A,N/A,N/A
N/A,N/A,N/A,N/A
USB Type-C 5V Step-Up Booster - Lithium Battery Charging and Protection Module for Power Bank,99.,Previous page,Visit the Generic Store
"Brain Freezer Silicone Soft Cover Case Compatible with Mi Boost Pro Power Bank (Blue, 30000 mAh) (Device Not Included)",299.,4.5 out of 5 stars,Visit the Brain Freezer Store
"Etzin 6 Port USB Charger with Mobile Stand, Travel Power Adapter Station, 3.1 A Output USB Fast Charging Station, Wall Charger Power Adapter for Smart Phones, Tablet PCs, Power Bank etc EPl-785UG.",649.,3.5 out of 5 stars,Visit the ETZIN Store
N/A,N/A,N/A,N/A
N/A,N/A,N/A,N/A
N/A,N/A,N/A,N/A
N/A,N/A,N/A,N/A
N/A,N/A,N/A,N/A
Pinaaki Enterprises Lava Z66 Case | Premium Leather Finish | with Card Pockets | Wallet Stand |Complete Protection Cover for Lava Z66 - Camel and Black,169.,3.6 out of 5 stars,Brand: Pinaaki Enterprises
Pinaaki Enterprises Infinix Smart 4 Plus Case | Premium Leather Finish | with Card Pockets | Wallet Stand |Complete Protection Cover for Infinix Smart 4 Plus - Camel and Black,169.,3.6 out of 5 stars,Brand: Pinaaki Enterprises
N/A,N/A,N/A,N/A
N/A,N/A,N/A,N/A
N/A,N/A,N/A,N/A
IKALL IKPB20D 20W Fast Charging 20000 mAh Power Bank with Digital Display (Black),"1,475.",3.0 out of 5 stars,Visit the IKALL Store
IKALL IKPB20 22.5W Fast Charging 20000 mAh Power Bank with Built-in 3-in-1 Cable and Digital Display (White),"1,529.",2.0 out of 5 stars,Visit the IKALL Store
"IKALL IKPB10 22.5W Fast Charging 10000 mAh Power Bank with Built-in 3-in-1 Cable, 4 Output Port, 3 Input Port and Digital Display (Black)","1,169.",Previous page,Visit the IKALL Store
"Wings Power Boost 10000mAh Powerbank with 12W Fast Charging, Dual Output, Li-Polymer, Multi- Protection Powerbank for iPhone, Android & Other Devices, Made in India",674.,3.7 out of 5 stars,Visit the Wings Store
N/A,N/A,N/A,N/A
N/A,N/A,N/A,N/A
N/A,N/A,N/A,N/A
N/A,N/A,N/A,N/A
eunik E store Wall Mount Device Charging Holder for Smartphone Power Bank Made with Plastic Red Colour (Pack of 2 Red TU),328.,3.8 out of 5 stars,Visit the eunik E store Store
N/A,N/A,N/A,N/A
Case Compatible with Anker 622 621 for Magnetic Battery for MagGo 5000mAh Foldable Magnetic Wireless Portable Charger.Power Bank Storage Holder for Anker USB Charger and Battery Bank(Box Only)-Blue,"2,148.",4.4 out of 5 stars,Brand: GWCASE
N/A,N/A,N/A,N/A
N/A,N/A,N/A,N/A
N/A,N/A,N/A,N/A
Pinaaki Enterprises LG W31 Case | Premium Leather Finish | with Card Pockets | Wallet Stand |Complete Protection Cover for LG W31 - Camel and Black,169.,3.6 out of 5 stars,Brand: Pinaaki Enterprises
N/A,N/A,N/A,N/A
N/A,N/A,N/A,N/A
Techtonics Mobile Power Boost DIY 18650 Lithium Battery Digital Dual USB with Display,420.,2.9 out of 5 stars,Visit the TECHTONICS Store
N/A,N/A,N/A,N/A
N/A,N/A,N/A,N/A
N/A,N/A,N/A,N/A
N/A,N/A,N/A,N/A
N/A,N/A,N/A,N/A
N/A,N/A,N/A,N/A
N/A,N/A,N/A,N/A
N/A,N/A,N/A,N/A
N/A,N/A,N/A,N/A
N/A,N/A,N/A,N/A
N/A,N/A,N/A,N/A
N/A,N/A,N/A,N/A
"KAVYANJAL Mini Powerbank USB - C Type Emergency Pod, Ultra-Compact External Fast Charging Power Bank Key Ring Cell Phone Charger Keychain Power Bank",599.,Previous page,Brand: KAVYANJAL
N/A,N/A,N/A,N/A
KDM – 10X Power Bank,"1,499.",Previous page,Brand: SMMeStore
N/A,N/A,N/A,N/A
N/A,N/A,N/A,N/A
N/A,N/A,N/A,N/A
N/A,N/A,N/A,N/A
"Wireless Power Bank, 10000 mAh, Rapid Charge, Outputs - 20W Wired | 15W Wireless, Type C PD, Built in Protections, LED Indicator, Compatible with iPhone, Made in India","1,999.",Previous page,Brand: Generic
"2MUCH Turbo 1 (12W) TPB-1506 Fast Charging Power Bank, Supports VOOC/Wrap/Dash USB Charging | White",499.,Previous page,Brand: 2MUCH
N/A,N/A,N/A,N/A
N/A,N/A,N/A,N/A
"2MUCH Turbo 2 (12W) TPB-1503 Fast Charging Power Bank, Supports VOOC/Wrap/Dash USB Charging",799.,Previous page,Brand: 2MUCH
N/A,N/A,N/A,N/A
N/A,N/A,N/A,N/A
N/A,N/A,N/A,N/A
"Zango 20000mAh Ultra Compact Powerbank 22.5W Fast Charging, USB & Type C Output, Power Delivery, Quick Charge for iPhone, Android & Other Devices, Made in India","1,590.",Previous page,Brand: Zango
N/A,N/A,N/A,N/A
3 USB Power Bank Module (Charging Circuit Board).,N/A,4 out of 5 stars.,Brand: Generic
N/A,N/A,N/A,N/A
N/A,N/A,N/A,N/A
"Electrosys TP4056 Micro USB Lithium Battery Charging Converter with Overcharge Discharge Over-Current Protection Charging Board (5V,18650), Pcs10",139.,Previous page,Brand: Generic
N/A,N/A,N/A,N/A
N/A,N/A,N/A,N/A
N/A,N/A,N/A,N/A
N/A,N/A,N/A,N/A
"Ambrane 85W Fast Charging Powerbank for MacBook, Type C Laptop & Mobile Charging, 20,000mAh Battery, with 100w Gan Charger","8,499.",Previous page,Visit the Ambrane Store
N/A,N/A,N/A,N/A
"Ambrane 10000mAh Rugged, Slim & Compact Powerbank with 2in1 magsafe Charger","3,498.",Previous page,Visit the Ambrane Store
"Ambrane MagSafe Wireless 10000mAh Fast Charging Power Bank, Premium Metallic Body, with 3in1 Cable","1,999.",Previous page,Visit the Ambrane Store
"Ambrane 100W Fast Charging Powerbank for MacBook, Type C Laptop & Mobile Charging, 25,000mAh Battery with 30w Gan Charger","5,499.",Previous page,Visit the Ambrane Store
"Ambrane 100W Fast Charging Powerbank for MacBook, Type C Laptop & Mobile Charging, 25,000mAh Battery with 3in1 Cable","4,999.",Previous page,Visit the Ambrane Store
"Ambrane 10000mAh Slim & Compact Powerbank, 22.5W Fast Charging with 3in1 Cable",999.,Previous page,Visit the Ambrane Store
N/A,N/A,N/A,N/A
"Ambrane MagSafe Wireless 10000mAh Fast Charging Power Bank, Premium Metallic Body, with 30w Gan Charger","2,499.",Previous page,Visit the Ambrane Store
N/A,N/A,N/A,N/A
N/A,N/A,N/A,N/A
N/A,N/A,N/A,N/A
"Tiger S15 Wireless Mini 10k 10000mAh 22.5W Magnetic Wireless Fast Charging Nano Power Bank with 22.5 Wired Output Compatible with iPhone 12 & Above & Other QI Enabled Devices, Two-Way Fast Charg Black","1,099.",Previous page,Brand: THE TIGER PRIME
"One Life 10,000mAh 15 Magnetic Battary Bank,15W Wireless/20W Wired Output, USB Type C Bank Fast Charging -Type C with LED Indicator for All Smart Phone & Other Devices Power 15 (White)","1,799.",Previous page,Brand: One Life
N/A,N/A,N/A,N/A
MCDODO MC-5101 Hiding Series 20W Magnetic Wireless Charging 10000mAh Power Bank with Phone Stand Black,"3,489.",Previous page,Visit the mcdodo Store
"URBN 10,000mAh Ultra Link Power Bank - Camo with 65w gan Charger","2,798.",Previous page,Visit the URBN Store
URBN 10000 mAh Nano Slim Power Bank - Black with 65w gan Charger,"1,799.",4.2 out of 5 stars,Visit the URBN Store
N/A,N/A,N/A,N/A
URBN 10000 Mah Nano Slim USB Type-C Input Power Bank - Purple with 65W Gan Charger,"2,798.",4.2 out of 5 stars,Visit the URBN Store
N/A,N/A,N/A,N/A
N/A,N/A,N/A,N/A
N/A,N/A,N/A,N/A
URBN 10000 mAh Nano Slim Power Bank - Payal Singhal Edition (Pink) with Designer Cable Type C to C,"2,144.",Previous page,Visit the URBN Store
URBN 10000 mAh Nano Slim Power Bank - Camo with 65w gan Charger,"1,699.",Previous page,Visit the URBN Store
N/A,N/A,N/A,N/A
N/A,N/A,N/A,N/A
N/A,N/A,N/A,N/A
URBN 10000 mAh Nano Slim Power Bank - Payal Singhal Edition (Blue) with Designer Cable Type C to C,"2,198.",Previous page,Visit the URBN Store
5V Micro USB Boost Converter with Battery Protection (Pack of 2),128.,Previous page,Brand: Generic
N/A,N/A,N/A,N/A
N/A,N/A,N/A,N/A
N/A,N/A,N/A,N/A
N/A,N/A,N/A,N/A
N/A,N/A,N/A,N/A
N/A,N/A,N/A,N/A
N/A,N/A,N/A,N/A
N/A,N/A,N/A,N/A
"IKALL IKPB10 22.5W Fast Charging 10000 mAh Power Bank with Built-in 3-in-1 Cable, 4 Output Port, 3 Input Port and Digital Display (White)","1,169.",Previous page,Visit the IKALL Store
N/A,N/A,N/A,N/A
N/A,N/A,N/A,N/A
"MegaBar Power Bank 10000mAh Dual USB Output 12.5W Fast Power Delivery Charging I Micro USB Port & Type C (Input) Lithium Polymer Battery for iPhone, Samsung & Android Devices- Grey",799.,Previous page,Visit the MEGABAR Store
N/A,N/A,N/A,N/A
N/A,N/A,N/A,N/A
N/A,N/A,N/A,N/A
Boat Energyshroom PB300(Carbon Black) + Boat TYPEC A350 Jet Black,"1,317.",5.0 out of 5 stars,Visit the boAt Store
N/A,N/A,N/A,N/A
ZAOMA Shock Proof Pouch Case Wallet Cover Protector Compatible for Redmi Lithiumpolymer 10000 Mah Fast Charging Slim Power Bank PB100LZM with Loop (PBPLOOP_DBRW008),499.,Previous page,Brand: ZAOMA
N/A,N/A,N/A,N/A
N/A,N/A,N/A,N/A
N/A,N/A,N/A,N/A
N/A,N/A,N/A,N/A
N/A,N/A,N/A,N/A
ERH India Pack of 2 TP4056 Power Bank Lithium Battery Charging Module Circuit Type C 5v DC 1 Ampere for Solar-Powered Systems and DIY Electronics Projects etc,259.,Previous page,Brand: Erh India
"ERH India Pack of 2 TP4056 Power Bank Lithium Battery Charging Module Circuit Type C 5v DC 1 Ampere for DIY Electronics Projects, Solar-Powered Systems etc",259.,Previous page,Brand: Erh India
N/A,N/A,N/A,N/A
"Anker Zolo Portable Charger, 10,000mAh 30W Power Bank with Built-in Lanyard USB-C Cable for Travel, Fast Charging Battery Pack for iPhone 16/15 Series, MacBook, Galaxy, iPad, and More","3,299.",4.6 out of 5 stars,Visit the Anker Store
"Anker Zolo Power Bank, 10,000mAh 30W Max Fast Portable Charger with Built-in USB-C and MFi Certified Lightning Cables, 1 USB-C, 1 USB-A, Battery Pack for iPhone 16/15 Series, MacBook, Galaxy","5,999.",4.6 out of 5 stars,Visit the Anker Store
N/A,N/A,N/A,N/A
"PISOSN Hard Carrying Case Compatible with Anker PowerCore Reserve 192Wh Power Bank 60,000mAh Portable Power and Accessories, Portable Fashion Travel Case","3,922.",5.0 out of 5 stars,Brand: PISOSN
N/A,N/A,N/A,N/A
RAIACE Hard Travel Storage Case Compatible with Anker Power Bank 27650mAh 250W. (case only) - Black,"6,422.",4.4 out of 5 stars,Brand: RAIACE
"KP Original - FO2 704573 3.7v 4500mAh Rechargeable Battery for Power Bank DVD, Tablet, MP3 Player, GPS, Instruments and DIY 4500 mah",550.,Previous page,Brand: KP Original Battery
N/A,N/A,N/A,N/A
N/A,N/A,N/A,N/A
N/A,N/A,N/A,N/A
"Amazon Basics 20000mAh 22.5W Lithium-Polymer Power Bank | Dual Input, Triple Output | Fast Charging,","2,227.",Previous page,Visit the amazon basics Store
N/A,N/A,N/A,N/A
N/A,N/A,N/A,N/A
N/A,N/A,N/A,N/A
THE STYLE SUTRA Fishing Bank Sticks Fishing Pod Rod Ground Support BankSticks 25-40cm,"1,046.",Previous page,Visit the THE STYLE SUTRA Store
N/A,N/A,N/A,N/A
"co2CREA Hard Travel Case Cover for Anker 548 Power Bank PowerCore Reserve 192Wh 60,000mAh Portable Charger (Box Only)","15,301.",4.6 out of 5 stars,Brand: co2CREA
N/A,N/A,N/A,N/A
N/A,N/A,N/A,N/A
Power Bank Micro USB Charging Cable,N/A,5.0 out of 5 stars,Brand: Hamamatsu
N/A,N/A,N/A,N/A
N/A,N/A,N/A,N/A
"Wireless Tattoo Power Supply with LCD Display which Shows Voltage Adjustment, Tattoo Machine Battery(RCA) Power Punch (2000mah, Black)","4,500.",Previous page,Visit the Tattoo Gizmo Store
"Wireless Tattoo Power Supply with LCD Display which shows Voltage Adjustment, Tattoo Machine Battery(RCA) Power Punch (1200mah, Black)","3,500.",Previous page,Visit the Tattoo Gizmo Store
"Wireless Tattoo Power Supply with LCD Display which Shows Voltage Adjustment, Tattoo Machine Battery(RCA) Power Punch (1200mah, Blue)","3,500.",Previous page,Visit the Tattoo Gizmo Store
N/A,N/A,N/A,N/A
N/A,N/A,N/A,N/A
N/A,N/A,N/A,N/A
S P Electron PAM8403 with Bluetooth Stereo Audio Receiver and Charger Module Micro USB 5V 1A Lithium Battery Charging Converter DIY Kit (Pack of 07),499.,Previous set of slides,Brand: Generic
Anleo Hard Travel Case for ROMOSS 60000mAh High Capacity Power Bank,"3,922.",4.0 out of 5 stars,Brand: ANLEO
KeepItSecret TP4056 5V Mini USB 1A Lithium Battery Charging Board Charger Module,249.,Previous page,Brand: Generic
QBM 4 Series 30A 18650 Lithium Battery Protection Board 14.8V 16V with Cable (Pack of 1),649.,Previous page,Visit the QBM Store
"Limitless Breezie Portable Fan with LED Light & 8,000mAh Power Bank (Gray)","13,704.",4.8 out of 5 stars,Brand: Limitless Innovations
N/A,N/A,N/A,N/A
N/A,N/A,N/A,N/A
adada Hard Travel Case for Ekrist/LanLuk Portable Charger Power Bank 25800mAh (Black + Red Zipper),"4,372.",4.0 out of 5 stars,Brand: adada
N/A,N/A,N/A,N/A
N/A,N/A,N/A,N/A
N/A,N/A,N/A,N/A
N/A,N/A,N/A,N/A
"CALLMATE 20000Mah Power Bank, 40W Charging with Type C Pd (Input & Output) | Led Lamp |Metal Body, 3 Output Ports and 2 Input | Digital Display (Black, Lithium Polymer), Black","1,862.",3.0 out of 5 stars,Visit the CALL MATE Store
N/A,N/A,N/A,N/A
ATORSE® Fashion Personal Portable Fan 2000Mah For Women Men Outdoor Travel Working Black,"2,062.",Previous page,Visit the ATORSE Store
N/A,N/A,N/A,N/A
T'pro M10 wirless Earphone with Power Bank Supported to All Devices Waterproof and high Based Sound qulaity with Attractive Look and Good Battery Backup,899.,Previous page,Brand: Generic
N/A,N/A,N/A,N/A
N/A,N/A,N/A,N/A
N/A,N/A,N/A,N/A
N/A,N/A,N/A,N/A
N/A,N/A,N/A,N/A
N/A,N/A,N/A,N/A
N/A,N/A,N/A,N/A
N/A,N/A,N/A,N/A
N/A,N/A,N/A,N/A
N/A,N/A,N/A,N/A
N/A,N/A,N/A,N/A
N/A,N/A,N/A,N/A
ESPtronics DC 5V 2.1A 3 USB Power Bank Module Battery Charger Module Circuit Board Step Up Boost DIY with Mobile Charging Cable and USB Light for DIYtronics,483.,Previous page,Brand: Generic
N/A,N/A,N/A,N/A
N/A,N/A,N/A,N/A
N/A,N/A,N/A,N/A
N/A,N/A,N/A,N/A
N/A,N/A,N/A,N/A
Pinaaki Enterprises Oppo A52 Case | Premium Leather Finish | with Card Pockets | Wallet Stand |Complete Protection Cover for Oppo A52 - Camel and Black,169.,3.6 out of 5 stars,Brand: Pinaaki Enterprises
N/A,N/A,N/A,N/A
N/A,N/A,N/A,N/A
Pinaaki Enterprises OnePlus 9R Case | Premium Leather Finish | with Card Pockets | Wallet Stand |Complete Protection Cover for OnePlus 9R - Camel and Black,169.,3.6 out of 5 stars,Brand: Pinaaki Enterprises
Pinaaki Enterprises Nokia 5.4 Case | Premium Leather Finish | with Card Pockets | Wallet Stand |Complete Protection Cover for Nokia 5.4 - Camel and Black,169.,3.6 out of 5 stars,Brand: Pinaaki Enterprises
N/A,N/A,N/A,N/A
N/A,N/A,N/A,N/A
Pinaaki Enterprises Lava Z2 Case | Premium Leather Finish | with Card Pockets | Wallet Stand |Complete Protection Cover for Lava Z2 - Camel and Black,169.,3.6 out of 5 stars,Brand: Pinaaki Enterprises
N/A,N/A,N/A,N/A
Pinaaki Enterprises Oppo A31 Case | Premium Leather Finish | with Card Pockets | Wallet Stand |Complete Protection Cover for Oppo A31 - Camel and Black,169.,3.6 out of 5 stars,Brand: Pinaaki Enterprises
N/A,N/A,N/A,N/A
N/A,N/A,N/A,N/A
Pinaaki Enterprises Vivo Y30 Case | Premium Leather Finish | with Card Pockets | Wallet Stand |Complete Protection Cover for Vivo Y30 - Camel and Black,169.,3.6 out of 5 stars,Brand: Pinaaki Enterprises
N/A,N/A,N/A,N/A
N/A,N/A,N/A,N/A
N/A,N/A,N/A,N/A
Pinaaki Enterprises ITEL A25 Pro Case | Premium Leather Finish | with Card Pockets | Wallet Stand |Complete Protection Cover for ITEL A25 Pro - Camel and Black,169.,3.6 out of 5 stars,Brand: Pinaaki Enterprises
N/A,N/A,N/A,N/A
Pinaaki Enterprises Comio S1 Case | Premium Leather Finish | with Card Pockets | Wallet Stand |Complete Protection Cover for Comio S1 - Camel and Black,169.,3.6 out of 5 stars,Brand: Pinaaki Enterprises
N/A,N/A,N/A,N/A
N/A,N/A,N/A,N/A
Pinaaki Enterprises Apple iPhone 12 Pro Max Case | Premium Leather Finish | with Card Pockets | Wallet Stand |Complete Protection Cover for Apple iPhone 12 Pro Max - Camel and Black,169.,3.6 out of 5 stars,Brand: Pinaaki Enterprises
N/A,N/A,N/A,N/A
N/A,N/A,N/A,N/A
"Tacton Power Bank PHX67, 10,000mAh, Metallic Square Body, Slim",460.,Previous page,Brand: Tacton
Akshaj (Pack of 3) Short Length Power Bank Charging Data Sync Cable - White,449.,Previous page,Brand: Akshaj
"Hermitshell Hard Travel Case for Anker PowerCore Essential 20000 Power Bank,Black","3,700.",4.1 out of 5 stars,Brand: Hermitshell
N/A,N/A,N/A,N/A
N/A,N/A,N/A,N/A
Aranyak Hobby India C D Deshmukh The First Indian to be Appointed as The Governor of The Reserve Bank of India. Rare First Day Cover 2004 with BROCHURE,446.,Previous page,Visit the Aranyak Hobby Store
N/A,N/A,N/A,N/A
N/A,N/A,N/A,N/A
Bank Dater Mini,399.,Previous page,Brand: Asian Seemandhar
N/A,N/A,N/A,N/A
NYLSA USB LCD Power Bank Battery Fast Charger Holder for 3pcs 18650 Battery Black,"1,922.",Previous page,Brand: NYLSA
N/A,N/A,N/A,N/A
N/A,N/A,N/A,N/A
Robocraze Dual USB 5V 1A 2.1A Mobile Power Bank 18650 Battery Charger PCB Power Module Accessories For Phone DIY LED LCD Module Board | IOT Science Project,"1,690.",3.2 out of 5 stars,Visit the Robocraze Store
N/A,N/A,N/A,N/A
N/A,N/A,N/A,N/A
N/A,N/A,N/A,N/A
N/A,N/A,N/A,N/A
N/A,N/A,N/A,N/A
STM Dux Plus 222-165L-04 Laptop Backpack (Midnight Blue),"4,452.",4.5 out of 5 stars,Visit the STM Store
N/A,N/A,N/A,N/A
N/A,N/A,N/A,N/A
N/A,N/A,N/A,N/A
N/A,N/A,N/A,N/A
N/A,N/A,N/A,N/A
Graviti Portable Power 2600 mAh,N/A,2.9 out of 5 stars,Brand: Graviti
N/A,N/A,N/A,N/A
N/A,N/A,N/A,N/A
N/A,N/A,N/A,N/A
N/A,N/A,N/A,N/A
Dual Pro 15 Amp/Bank Professional Series 3 Bank Charger,"1,95,477.",3.9 out of 5 stars,Brand: Dual
N/A,N/A,N/A,N/A
N/A,N/A,N/A,N/A
EN-VOLANT 10FF Kit Solar Black-White Powerbank Bank DIY Charger,"2,452.",Previous page,Brand: EN-VOLANT
N/A,N/A,N/A,N/A
EN-VOLANT 9BFE Black-White Charger Compass Bank Case Powerbank Lamp Kit Power Dual USB,"2,452.",Previous page,Brand: EN-VOLANT
EN-VOLANT 340D Charger Solar Orange-Green Powerbank Case Kits Compass,"2,595.",Previous page,Brand: EN-VOLANT
N/A,N/A,N/A,N/A
N/A,N/A,N/A,N/A
"FENSIR® Solar Power Bank 20000mAh – Portable Solar Charger with Dual USB, LED Light, External Battery for Smartphones & Tablets, Ideal for Outdoor Travel & Hiking","2,179.",Previous page,Visit the FENSIR Store
N/A,N/A,N/A,N/A
N/A,N/A,N/A,N/A
"FENSIR® Solar Power Bank 20000mAh – Portable Solar Charger with Dual USB, LED Light, External Battery for Smartphones & Tablets, Ideal for Outdoor Travel & Hiking","2,179.",Previous page,Visit the FENSIR Store
"FENSIR® Solar Power Bank 20000mAh – Portable Solar Charger with Dual USB, LED Light, External Battery for Smartphones & Tablets, Ideal for Outdoor Travel & Hiking","1,849.",Previous page,Visit the FENSIR Store
"FENSIR® Solar Power Bank 20000mAh – Portable Solar Charger with Dual USB, LED Light, External Battery for Smartphones & Tablets, Ideal for Outdoor Travel & Hiking","1,849.",Previous page,Visit the FENSIR Store
"FENSIR® Solar Power Bank 20000mAh – Portable Solar Charger with Dual USB, LED Light, External Battery for Smartphones & Tablets, Ideal for Outdoor Travel & Hiking","1,849.",Previous page,Visit the FENSIR Store
"FENSIR® Solar Power Bank 20000mAh – Portable Solar Charger with Dual USB, LED Light, External Battery for Smartphones & Tablets, Ideal for Outdoor Travel & Hiking","1,849.",Previous page,Visit the FENSIR Store
"SIK Portable Solar Power Bank, 15W Solar Panels Low Light Efficiency High Battery Efficiency USB for Mobile Phones for Digital Cameras for MP3","5,745.",Previous page,Brand: SAI INDER KALA
N/A,N/A,N/A,N/A
N/A,N/A,N/A,N/A
N/A,N/A,N/A,N/A
BIG BOOM® F64D Kits Powerbank Bank Dual USB Power Solar DIY Orange-Green Case Portable,"4,239.",Previous page,Brand: BIG BOOM
BIG BOOM® CD70 USB LED Mobile Power Bank Charger 4pcs 18650 Li-ion Battery,"2,362.",Previous page,Brand: BIG BOOM
BIG BOOM® 1C26 TK4100/EM4100 Label Smart Tags Bank Tag Protection,"2,500.",Previous page,Brand: BIG BOOM
N/A,N/A,N/A,N/A
BIG BOOM® 4D38 Dual USB DIY Black-Black Power Bank Charger Power Bank Solar Power Bank,"2,362.",Previous page,Brand: BIG BOOM
BIG BOOM® 2B6A Black-Yellow Solar Dual USB Case Kits Mobile Power Travel Portable Bank,"2,500.",Previous page,Brand: BIG BOOM
N/A,N/A,N/A,N/A
N/A,N/A,N/A,N/A
N/A,N/A,N/A,N/A
N/A,N/A,N/A,N/A
N/A,N/A,N/A,N/A
BIG BOOM® F41F Dual USB Lamp Portable Power Bank Charger Solar Ports Solar Power Bank,"2,362.",Previous page,Brand: BIG BOOM
N/A,N/A,N/A,N/A
N/A,N/A,N/A,N/A
BIG BOOM® A3CE Lamp Solar Orange-White Powerbank Dual USB Kits DIY,"2,362.",Previous page,Brand: BIG BOOM
N/A,N/A,N/A,N/A
N/A,N/A,N/A,N/A
BIG BOOM® 74F6 Portable Bank Solar DIY Charger Power Bank Dual USB Ports Lamp Kits,"2,500.",Previous page,Brand: BIG BOOM
N/A,N/A,N/A,N/A
N/A,N/A,N/A,N/A
UBERSWEET® EF31 Bank Kits Portable Power Bank Compass Dual USB Solar Solar Power Bank,"2,443.",Previous page,Brand: UBERSWEET
UBERSWEET® CDC0 Lamp Solar Bank Powerbank Orange-White Charger Kits Power Case Dual USB,"2,450.",Previous page,Brand: UBERSWEET
UBERSWEET® 6793 Orange-White DIY Lamp Solar Bank Powerbank Kits Compass Dual USB Power,"2,450.",Previous page,Brand: UBERSWEET
N/A,N/A,N/A,N/A
UBERSWEET® F41F Dual USB Lamp Portable Power Bank Charger Solar Ports Solar Power Bank,"2,450.",Previous page,Brand: UBERSWEET
UBERSWEET® 89BD Bank Lamp Black-Black Solar Power Bank Charger Dual USB Ports Power Bank,"2,450.",Previous page,Brand: UBERSWEET
N/A,N/A,N/A,N/A
N/A,N/A,N/A,N/A
N/A,N/A,N/A,N/A
N/A,N/A,N/A,N/A
UBERSWEET® 0148 Orange-White Lamp Kits Solar Bank Powerbank Compass Charger Dual USB Power,"2,450.",Previous page,Brand: UBERSWEET
UBERSWEET® 9458 Powerbank Kits Bank Orange-White DIY Charger Solar,"2,443.",Previous page,Brand: UBERSWEET
UBERSWEET® 1D66 Orange-White Compass Charger Power Case Powerbank Kits DIY Dual USB Solar,"2,443.",Previous page,Brand: UBERSWEET
N/A,N/A,N/A,N/A
N/A,N/A,N/A,N/A
UBERSWEET® 7E39 Powerbank Charger Solar Orange-White Kits DIY Case,"2,443.",Previous page,Brand: UBERSWEET
UBERSWEET® 592E Power Case Black-Black Power Bank Charger Dual USB Solar Solar Power Bank,"2,443.",Previous page,Brand: UBERSWEET
N/A,N/A,N/A,N/A
N/A,N/A,N/A,N/A
N/A,N/A,N/A,N/A
N/A,N/A,N/A,N/A
UBERSWEET® B3F0 Kits Solar Orange-Green Powerbank Bank Compass Lamp,"2,450.",Previous page,Brand: UBERSWEET
N/A,N/A,N/A,N/A
UBERSWEET® 38CF Dual USB DIY Black-Black Solar Power Bank Charger Solar Power Power Bank,"2,443.",Previous page,Brand: UBERSWEET
